{"Alex_Morgan": {"embedding": [0.0, 13.19592571258545, 0.0, 3.390011787414551, 0.0, 12.68034553527832, 0.0, 0.0, 7.203920841217041, 2.961174488067627, 0.0, 3.5251760482788086, 0.0, 10.257790565490723, 0.0, 0.0, 0.0, 4.731976509094238, 9.335437774658203, 0.0, 8.933109283447266, 7.999509811401367, 20.64447593688965, 0.0, 0.0, 3.647508382797241, 10.661643028259277, 9.174348831176758, 0.0, 10.030667304992676, 7.188536643981934, 6.2030158042907715, 0.0, 5.274024486541748, 0.0, 0.0, 12.296744346618652, 6.926306247711182, 0.0, 0.0, 0.0, 10.457475662231445, 0.0, 0.0, 8.651268005371094, 3.9913198947906494, 6.028855323791504, 13.763676643371582, 3.887460231781006, 0.0, 0.0, 6.852130889892578, 0.0, 12.36939525604248, 0.0, 0.0, 4.19707727432251, 0.0, 4.597657680511475, 12.912630081176758, 0.0, 11.468697547912598, 0.0, 0.0, 10.954899787902832, 0.0, 9.12505054473877, 13.577880859375, 0.0, 2.2176904678344727, 0.0, 0.0, 8.65566635131836, 0.0, 4.548032760620117, 17.16818618774414, 4.099876403808594, 0.0, 13.652169227600098, 0.0, 0.0, 0.0, 0.0, 0.0, 0.0, 0.0, 5.205469131469727, 4.557313919067383, 0.0, 0.0, 0.0, 0.0, 11.982834815979004, 1.4188451766967773, 0.0, 6.731847286224365, 0.0, 7.304435729980469, 0.0, 9.009720802307129, 14.982537269592285, 11.971223831176758, 0.0, 0.0, 0.0, 0.0, 0.0, 8.318535804748535, 0.0, 7.599280834197998, 0.0, 0.0, 5.734253406524658, 0.0, 8.957868576049805, 11.222580909729004, 13.86558723449707, 0.0, 6.116230010986328, 0.0, 0.0, 5.578527927398682, 0.0, 0.0, 16.239526748657227, 0.0, 10.068082809448242, 0.0], "signature_file": "01_054.png"}, "Jordan_Lee": {"embedding": [0.0, 9.039064407348633, 0.0, 4.243010520935059, 0.0, 10.566140174865723, 0.0, 0.0, 6.092265605926514, 6.559919834136963, 0.0, 11.961227416992188, 0.0, 11.702988624572754, 0.0, 0.0, 0.0, 5.209936618804932, 6.297918319702148, 0.0, 3.1659421920776367, 1.3612260818481445, 5.365447044372559, 0.0, 0.0, 7.005664825439453, 7.695770263671875, 7.2275166511535645, 0.0, 5.5222625732421875, 8.902932167053223, 3.7161922454833984, 0.0, 0.8673524856567383, 0.0, 0.0, 0.6796596050262451, 0.0, 0.0, 0.0, 0.0, 0.7037016749382019, 0.0, 0.0, 3.4933881759643555, 4.677643299102783, 6.050626277923584, 13.872392654418945, 7.95156192779541, 0.0, 0.0, 5.034485816955566, 0.0, 6.320113658905029, 0.0, 0.0, 6.37544584274292, 0.0, 7.586284637451172, 7.8924665451049805, 0.0, 0.0, 0.0, 0.0, 6.97780179977417, 0.0, 0.0, 11.308182716369629, 0.0, 0.0, 0.0, 0.0, 10.754401206970215, 0.0, 2.71823787689209, 7.544407367706299, 6.780056953430176, 0.0, 8.61740779876709, 0.0, 7.41441011428833, 0.0, 0.0, 0.0, 0.0, 0.0, 8.914552688598633, 7.882717609405518, 0.0, 0.0, 0.0, 0.0, 7.9557600021362305, 0.8892226815223694, 0.0, 6.384589195251465, 0.3760230243206024, 5.81596040725708, 0.0, 4.1995463371276855, 2.9604945182800293, 4.737399578094482, 0.0, 0.0, 0.0, 0.0, 0.0, 4.078610897064209, 0.0, 2.2053611278533936, 0.0, 0.0, 9.682293891906738, 0.0, 4.436201572418213, 0.0, 9.009668350219727, 0.0, 9.647392272949219, 0.0, 0.0, 0.7133713960647583, 0.0, 0.0, 2.24434232711792, 0.4547298848628998, 9.23038387298584, 0.0], "signature_file": "01_055.png"}, "Sam_Rivers": {"embedding": [0.0, 9.722816467285156, 0.0, 4.119929313659668, 0.0, 11.334758758544922, 0.0, 0.0, 0.0, 6.2793755531311035, 0.0, 5.943692684173584, 0.0, 9.478218078613281, 0.0, 0.0, 0.0, 5.834401607513428, 5.673405647277832, 0.0, 0.0, 0.0, 0.0, 0.0, 0.0, 7.788536548614502, 5.85359525680542, 7.520952224731445, 0.0, 7.326355457305908, 8.116022109985352, 2.6320550441741943, 0.0, 5.694396495819092, 0.0, 0.0, 0.9324535131454468, 1.117680549621582, 0.0, 0.0, 0.0, 1.0293033123016357, 0.0, 0.0, 7.6396074295043945, 9.283538818359375, 7.7869720458984375, 20.627330780029297, 11.596722602844238, 0.0, 0.0, 6.353489398956299, 0.0, 5.944362640380859, 0.0, 0.0, 5.685652256011963, 0.0, 4.470460414886475, 6.259254455566406, 0.0, 0.0, 0.0, 0.0, 0.0, 0.0, 0.0, 13.042078018188477, 0.0, 0.4771823287010193, 0.0, 0.0, 5.4147467613220215, 0.0, 3.869142532348633, 1.4016892910003662, 9.096992492675781, 0.0, 7.056666374206543, 0.0, 17.31138801574707, 0.0, 0.0, 0.0, 0.0, 0.0, 8.250879287719727, 10.754606246948242, 0.0, 0.0, 0.0, 0.0, 6.70450496673584, 2.1160428524017334, 0.0, 4.719529151916504, 0.0, 1.1349775791168213, 0.0, 1.588800072669983, 0.0, 0.0, 0.0, 0.0, 0.0, 0.0, 0.0, 5.472445487976074, 0.0, 4.862868309020996, 0.8545213937759399, 0.0, 5.299636363983154, 0.0, 3.941688060760498, 10.212308883666992, 4.314671993255615, 0.0, 6.221926212310791, 0.0, 0.0, 4.232058048248291, 0.0, 0.0, 0.0, 0.0, 3.442448616027832, 0.0], "signature_file": "01_056.png"}, "Casey_Wright": {"embedding": [0.0, 4.360694408416748, 0.0, 0.0, 0.0, 6.017282009124756, 0.0, 0.0, 7.289246559143066, 0.0, 0.0, 13.660368919372559, 0.0, 5.974213600158691, 0.0, 0.0, 0.0, 0.28168565034866333, 9.958555221557617, 0.0, 3.2451772689819336, 3.5590274333953857, 12.479849815368652, 0.0, 0.0, 1.4135857820510864, 8.964960098266602, 7.78362512588501, 0.0, 5.636425018310547, 3.137625217437744, 0.0, 0.0, 11.66267204284668, 0.0, 0.0, 6.120095252990723, 4.514051914215088, 0.0, 0.0, 0.0, 0.0, 0.0, 0.0, 4.507906436920166, 5.399573802947998, 7.325057029724121, 7.91627836227417, 0.14493410289287567, 0.0, 0.0, 9.831307411193848, 0.0, 5.669382095336914, 0.0, 0.0, 8.90727424621582, 0.0, 7.365800857543945, 5.309817314147949, 0.0, 1.8589056730270386, 0.0, 0.0, 0.11396927386522293, 0.0, 5.335698127746582, 3.2615084648132324, 0.0, 3.3892064094543457, 0.0, 0.0, 6.288693428039551, 0.0, 1.8361012935638428, 14.8734712600708, 5.298913478851318, 0.0, 7.594091415405273, 0.531598687171936, 5.372491359710693, 0.0, 0.0, 0.0, 0.0, 0.0, 8.67807674407959, 5.923546314239502, 0.0, 0.0, 0.0, 0.0, 0.0, 1.6914165019989014, 0.0, 0.0, 0.0, 5.534933567047119, 0.0, 9.521384239196777, 7.178669452667236, 6.31861686706543, 1.4316658973693848, 0.0, 0.0, 0.0, 0.0, 2.7746269702911377, 0.0, 0.7484322190284729, 0.0, 0.0, 4.8286871910095215, 0.0, 7.519093036651611, 0.0, 11.821188926696777, 0.0, 6.524257659912109, 0.0, 0.0, 2.085988759994507, 0.0, 0.0, 3.99467134475708, 0.0, 12.133760452270508, 0.0], "signature_file": "01_057.png"}, "Taylor_Swift": {"embedding": [0.0, 9.827754020690918, 0.0, 5.606113433837891, 0.0, 12.820359230041504, 0.0, 0.0, 10.677568435668945, 5.27748966217041, 0.0, 10.520776748657227, 0.0, 10.162096977233887, 0.0, 0.0, 0.0, 4.374878406524658, 11.002090454101562, 0.0, 8.232122421264648, 8.173966407775879, 8.007113456726074, 0.0, 0.0, 7.158819198608398, 4.44564151763916, 8.781563758850098, 0.0, 5.888592720031738, 10.898094177246094, 6.168605327606201, 0.0, 5.439908981323242, 0.0, 0.0, 7.039596080780029, 6.958859443664551, 0.0, 0.0, 0.0, 5.711989879608154, 0.0, 0.0, 3.9043426513671875, 8.77157211303711, 7.310842514038086, 19.480167388916016, 13.139001846313477, 0.0, 0.0, 8.87680721282959, 0.0, 4.853897571563721, 0.0, 0.0, 6.506926536560059, 0.0, 12.6358003616333, 9.393538475036621, 0.0, 0.0, 0.0, 0.0, 7.545964241027832, 0.0, 0.0, 17.761070251464844, 0.0, 0.0, 0.0, 0.0, 10.35307502746582, 0.0, 5.719834804534912, 17.77666473388672, 1.715718150138855, 0.0, 6.355754852294922, 0.0, 18.917234420776367, 0.0, 0.0, 0.0, 0.0, 0.0, 10.361671447753906, 7.807496070861816, 0.0, 0.0, 0.0, 0.0, 21.6824893951416, 8.718611717224121, 0.0, 8.27471923828125, 0.0, 5.69680643081665, 0.0, 8.887454986572266, 8.903899192810059, 6.6136345863342285, 0.0, 0.0, 0.0, 0.0, 0.0, 3.2884445190429688, 0.0, 2.8578903675079346, 0.0, 0.0, 3.6761465072631836, 0.0, 8.134244918823242, 3.2973897457122803, 5.543060302734375, 0.0, 15.855818748474121, 0.0, 0.0, 3.4696340560913086, 0.0, 0.0, 2.216539144515991, 0.0, 10.761199951171875, 0.0], "signature_file": "01_058.png"},